ID,Group,Feature_1,Feature_2,Feature_3
ID001,B,2420.952554455469,408.0744411857445,4837.605027086684
ID002,C,2547.1468357135996,416.08761005964703,-2138.8297273215744
ID003,C,2688.2024496475033,394.5257090568567,-2284.7464369326476
ID004,B,2634.5420046154977,387.4118549899149,5266.909319152378
ID005,A,2659.31866266394,384.3278620896845,6048.52420108354
ID006,A,2448.8784323568816,370.50465115936,5509.967689661121
ID007,A,2401.0395179741417,430.8431069491048,5065.938255231065
ID008,C,2487.421307990035,383.45187451417473,-2111.174516264725
ID009,B,2505.5724912288692,396.68119564621344,4988.746503041411
ID010,C,2609.419151847095,395.8478005016662,-2201.4811870673852
ID011,A,2330.753537028518,404.6111004671365,4960.989550840751
ID012,C,2652.9550319460614,412.23605818808943,-2231.2314665680187
ID013,C,2484.199210142101,412.9071023253962,-2094.9333536292465
ID014,A,2457.311893005258,391.2538384214659,5426.377654968036
ID015,A,2398.789562473983,397.4931742932038,5194.368752804561
ID016,A,2334.514332813423,404.23869925732447,4991.118671582445
ID017,A,2582.3170583961914,396.2696331072468,5765.774286466378
ID018,B,2507.3317967188405,424.1101836402999,5003.216320404921
ID019,B,2371.0039100258946,407.36462427457377,4737.123384296668
ID020,A,2370.4921227936384,411.02316679074727,5064.5963559106585
ID021,B,2466.421530070987,409.94321903001116,4934.113793579357
ID022,A,2666.9021525289395,417.60210786227987,5919.70887404109
ID023,A,2474.0408648636394,402.7153233805556,5432.263264702326
ID024,B,2349.685704688189,380.5475207806623,4680.600510035846
ID025,B,2475.4256935914054,405.99531927628965,4970.2579380824345
ID026,C,2472.727643025233,390.22964659312254,-2081.245725181832
ID027,A,2230.311335705843,392.0707497737537,4719.794849668882
ID028,B,2494.570513348219,408.79546028132637,4973.17726318757
ID029,B,2476.906546979132,418.57424607150455,4951.54364926894
ID030,A,2569.620636481342,400.3190736510409,5718.326342531915
ID031,B,2684.8956094945347,404.6324951889845,5368.260629544539
ID032,A,2612.6565029547755,425.5332241695286,5728.437247179652
ID033,A,2473.111130944517,403.61129769232855,5383.862796091288
ID034,C,2389.347409125833,439.02524671270595,-1950.4672297872798
ID035,C,2757.335980324986,408.48264468447314,-2363.8820569734703
ID036,C,2505.9218434014488,373.5885586126627,-2127.969702197286
ID037,A,2501.3929291912946,411.300124316568,5458.320814672212
ID038,A,2497.587491289,405.71737577324166,5459.12645347662
ID039,C,2519.8084760767856,419.3462913112412,-2131.71275104507
ID040,B,2485.5639588076056,410.0977202690494,4973.515295376769
ID041,A,2442.6337993119764,397.9231602402434,5343.526459355516
ID042,B,2445.3141058759606,381.6355264556595,4895.479748811462
ID043,A,2496.7246729784,396.8646511407096,5520.6801495335185
ID044,C,2445.6575228866236,387.2421931868605,-2071.2679738555516
ID045,A,2428.7154217322836,391.29214825292917,5337.84811719761
ID046,B,2510.64302276919,408.82867606630913,5035.596135688115
ID047,A,2474.5022782579144,425.04856756527107,5276.92094593931
ID048,B,2650.399298858269,405.9200729473447,5304.634419627566
ID049,B,2234.903019160699,382.0617540694722,4463.755880349306
ID050,A,2609.1506851922463,406.6690400233021,5793.128583383009
ID051,C,2624.608519249763,417.94947229968477,-2202.4869291476184
ID052,C,2292.660976759185,390.8532564352093,-1907.6544630933383
ID053,C,2465.731240591965,397.98974249990624,-2075.849995041998
ID054,C,2462.855913400421,400.220322920938,-2062.2257614696264
ID055,B,2359.2488305282177,388.2265253037664,4705.450709790081
ID056,C,2422.2183312409124,409.72420650765787,-2025.5240262798766
ID057,A,2388.942415453417,398.18577777088325,5184.050836901313
ID058,A,2675.227044342362,406.2929866586054,5980.430671312155
ID059,A,2593.567839314746,386.6876173329685,5855.261181290305
ID060,A,2627.155509499416,393.4381254951488,5919.826996536751
ID061,B,2572.1672064043237,410.83572036741657,5123.62473206316
ID062,A,2387.0948228782772,394.4075027186235,5181.116179213685
ID063,C,2447.5479733720226,425.90445776850106,-2007.314202766953
ID064,B,2548.937456122792,394.00545721578095,5086.100925871908
ID065,A,2377.7872191108054,403.37027088627826,5110.9374517533115
ID066,B,2571.299843017239,413.98886247809634,5148.1444167535
ID067,A,2475.9674601841866,378.72451400600454,5543.680496633928
ID068,C,2462.5179192450405,373.58786782028835,-2091.948518057286
ID069,A,2571.0959968203492,377.11515528144855,5820.542091717505
ID070,C,2544.426331148604,418.9387615514077,-2108.4191312568137
ID071,C,2463.903383418092,391.7221278116133,-2051.314459640908
ID072,A,2615.932980336425,438.3729892850238,5667.6802911935365
ID073,A,2391.8936672400105,391.5362860201392,5219.023389330116
ID074,C,2561.5935606944263,402.7682695479555,-2168.5244798061617
ID075,C,2559.3101257968383,423.13164928851813,-2146.1438093869992
ID076,C,2469.045356068601,430.09139332238686,-2032.683793483025
ID077,C,2532.613302224212,430.922553649546,-2096.6699699240016
ID078,A,2374.8886423614695,418.12549345889715,5050.85764290528
ID079,B,2592.40270192069,415.36093788717193,5192.610804951814
ID080,A,2481.509786355701,408.88790423801777,5382.052874255896
ID081,C,2447.727697948096,411.67541614249956,-2023.4289103929216
ID082,B,2604.900922583689,391.732214255072,5197.825117639605
ID083,A,2429.565630945724,387.7270167486654,5345.454153830416
ID084,A,2359.153870363644,399.94938313883574,5080.717097871773
ID085,A,2344.33708264761,397.44723066212606,5069.723104509607
ID086,A,2560.600995134564,393.20157926009085,5753.114111775302
ID087,C,2371.9570647503715,410.44581171185075,-1954.2305763288866
ID088,B,2675.4794181984366,414.32957812855767,5348.760476972228
ID089,C,2291.807059211628,401.32610329437773,-1884.0668881354834
ID090,B,2669.6456368290037,422.1629512158289,5349.943138768494
ID091,A,2521.101746720262,382.8746632879974,5645.083912214112
ID092,C,2490.3286888129605,397.09510811080423,-2071.6910444312084
ID093,C,2445.508091319105,389.24766519095795,-2053.4995770178502
ID094,B,2539.9136114352073,372.0019507439041,5085.800139939512
ID095,C,2496.236529757515,398.7597897123595,-2089.485649020502
ID096,B,2610.330188201652,398.17378737425076,5225.719415730678
ID097,B,2511.422764866204,422.70174614863197,5032.912815738044
ID098,B,2515.030176146188,409.4621752683217,5022.653314053812
ID099,A,2463.6387787786143,384.6371976350619,5461.030727113181
ID100,A,2494.3054376278933,427.8113884950128,5330.657519612956
ID101,A,2530.780176889206,418.3155054328803,5506.037018270659
ID102,B,2328.9831607343376,408.73146555202925,4667.313559510821
ID103,A,2365.181457789429,396.60273851725253,5118.023955175846
ID104,B,2574.3264094022716,385.6084114491478,5168.746728004714
ID105,C,2517.0865438127944,394.4168983589342,-2122.7367976798087
ID106,A,2481.601666364732,416.33122929556276,5371.173752483493
ID107,B,2501.8433933065394,428.26879458901914,4990.586376099407
ID108,C,2534.758170536167,423.14865292408285,-2116.2547140417773
ID109,A,2446.024031969064,392.6672586732059,5383.082255631952
ID110,A,2422.1695274597687,383.20573850066484,5360.6691152049
ID111,A,2519.5845255097684,402.11329370366803,5544.659504638995
ID112,A,2402.162722238497,373.47340951655724,5338.261928110407
ID113,C,2540.825275571447,404.8475157127717,-2154.1922448188448
ID114,C,2329.741639576216,397.78596120552,-1936.2400287803755
ID115,B,2602.9155637325644,393.0094524719764,5216.515725427366
ID116,C,2547.2597482413044,376.07945399099805,-2164.2778340570276
ID117,C,2525.6029734313875,407.70400159854574,-2111.890983176267
ID118,A,2598.2690983945513,392.00948740507135,5835.3571424044685
ID119,C,2666.5474444462575,382.45124746434567,-2284.0114390783738
ID120,B,2601.437006501813,356.91606680077524,5194.950159329945
ID121,C,2315.9125768668355,399.58727642424043,-1907.9393594001647
ID122,C,2372.0423033264296,426.5837739500462,-1940.4068540437108
ID123,A,2437.518142230432,424.91888821821806,5193.864211776119
ID124,A,2502.6091050210835,393.1435561512059,5535.79711619521
ID125,A,2551.7659020469123,390.9668190945733,5674.623495629415
ID126,B,2427.4256186846533,407.03161384112536,4868.017069910351
ID127,C,2518.676676447708,385.0242184121756,-2139.398507507633
ID128,C,2424.4617067646677,404.526878497292,-2030.288137435893
ID129,A,2438.848219700805,411.49120417577035,5267.410385166532
ID130,B,2359.333890315178,418.40399835826463,4713.963628951326
ID131,B,2407.6766753889096,398.4976888528007,4828.0725873863785
ID132,A,2364.8315394383667,396.94489374734553,5117.174220973294
ID133,A,2402.412674702267,386.8302611986516,5281.289549991948
ID134,B,2605.364179660784,387.5967946894021,5194.336890787162
ID135,C,2405.0601111168057,396.6028166214771,-1993.9139666706917
ID136,A,2763.2382064837393,405.5104826022427,6265.297212814809
ID137,B,2549.331790088089,413.70376939349876,5094.232254505223
ID138,C,2518.483612369487,387.9523157397948,-2128.8106350215853
ID139,B,2414.1642219818787,422.39032853439284,4807.013621168978
ID140,C,2570.030987940899,395.9331459843615,-2169.19400821877
ID141,C,2442.4362173762224,399.6794905847735,-2055.109184889634
ID142,A,2512.200981464536,388.79182481278264,5576.411776899573
ID143,B,2756.0084538268793,363.63639609590587,5493.748597419144
ID144,A,2490.394010027535,413.26068094541574,5418.230885855405
ID145,A,2614.9273326285675,411.0526584563865,5781.967544879457
ID146,A,2429.682357487411,395.7800866432268,5328.551371765097
ID147,B,2496.501150950304,401.00486075837307,4986.57268434398
ID148,B,2677.080063563551,407.7390882655615,5333.671831635987
ID149,A,2437.303294221223,376.56181214670187,5415.702528650776
ID150,A,2681.2448557996927,392.0642098398056,6098.243257640133
ID151,C,2570.7751935455476,411.9139701943274,-2160.7320014864604
ID152,A,2443.753322410573,381.18565865246126,5418.752226411526
ID153,A,2563.240773905552,404.40336898249944,5669.625695514392
ID154,B,2597.2554449626728,379.65127293064893,5200.532282759356
ID155,C,2562.18099622172,406.9964497365029,-2141.7757606943874
ID156,A,2342.9775280109543,399.46537776553777,5048.987685963889
ID157,C,2427.286282417513,375.77302276141734,-2055.830483405565
ID158,C,2475.2481364448495,417.47109031685756,-2073.6896183609765
ID159,A,2492.5566570899955,388.98112634802925,5527.802757596361
ID160,C,2562.067209755068,387.84621344478427,-2171.0976302312893
ID161,B,2517.7701000933253,403.00853795846416,5023.975093072123
ID162,B,2366.46556412899,417.2295602414307,4721.44531727924
ID163,B,2538.0197851005964,384.7626727153241,5080.165024779792
ID164,B,2561.0585745283825,400.92519774771955,5121.53332083792
ID165,A,2555.979044793104,406.4322475049586,5636.169460799458
ID166,C,2608.0780725554623,410.39658410894714,-2206.783432462916
ID167,A,2583.3922154548904,402.6466233291584,5734.17872114841
ID168,A,2545.9180079228436,394.49458241375015,5654.19031396856
ID169,A,2492.983428854135,387.58614669026923,5551.701934044557
ID170,B,2333.903906648401,401.29215824569565,4680.2308053134875
ID171,C,2542.9618219132585,383.9179148202159,-2181.1981614398996
ID172,A,2520.768768716311,356.1797427475809,5770.25346208872
ID173,B,2527.1578837195375,406.54839706236504,5036.357416377994
ID174,A,2372.325142417969,413.5590226162929,5041.3800269595595
ID175,B,2391.8943459591737,364.5560134668724,4782.787436280863
ID176,A,2605.3152853332904,384.85403942935096,5874.279916216734
ID177,C,2496.0444846143346,409.28731391507796,-2097.8194884567606
ID178,B,2568.1500697372626,430.86243204567546,5124.252651009547
ID179,C,2502.831837613046,400.31190561513114,-2100.0327240451275
ID180,A,2502.9756139495744,389.07995588156297,5564.359194485342
ID181,B,2593.8283805976,397.2565533834274,5178.9959105551525
ID182,A,2448.3955271782625,420.62314628722277,5244.192700564346
ID183,C,2509.6120776940984,390.310537313132,-2125.8617013960134
ID184,C,2453.772471129496,388.0121199002462,-2069.0202125531623
ID185,A,2456.5503772567686,392.7588471672695,5425.938321017542
ID186,B,2469.082787653136,385.7000708761193,4954.2511079277565
ID187,C,2522.213377163371,401.8400547399219,-2135.9682972665805
ID188,B,2452.1251378336524,424.37017687704343,4914.207064681855
ID189,B,2625.575612557352,404.84618909674043,5260.887983768604
ID190,A,2410.5392697780494,396.21469746810567,5236.765162528588
ID191,A,2481.312835583864,395.62283096626686,5475.649683645316
ID192,C,2456.0268941725826,376.55213786955017,-2061.0195732820816
ID193,C,2644.6977884353732,413.2466466572074,-2244.921679453099
ID194,B,2519.6554776511575,398.832442044808,5028.3009214501435
ID195,B,2603.1844539468634,397.2928012961406,5218.580845495849
ID196,B,2351.4439626963026,447.8966135176729,4706.145869122513
ID197,C,2526.7050265869257,404.4812936254853,-2115.606017658566
ID198,C,2588.963079562344,388.72313424857225,-2196.1528747169655
ID199,C,2508.2283989275425,393.60463605691683,-2109.935411819488
ID200,C,2606.548037506535,417.22668563795133,-2205.2390174083166
ID201,B,2448.2711549899627,401.69905615806647,4909.110122459383
ID202,A,2640.934744018558,378.4258303252395,6044.71016033861
ID203,A,2729.889812361925,413.78843401862804,6117.974578063819
ID204,C,2463.716143956034,389.9778387169151,-2074.2600286368856
ID205,B,2455.449747859923,428.09946664326316,4892.526205689177
ID206,A,2645.33844771177,416.2007209857197,5861.182795278925
ID207,A,2657.9572145730713,393.2901715651187,6014.28547519419
ID208,B,2447.713997284673,419.2152454260267,4894.681702365355
ID209,A,2457.981318290414,401.0178326579111,5382.347031900133
ID210,A,2471.8215391139493,412.7916051268333,5347.497664935921
ID211,B,2365.554948896572,407.27099225941714,4737.885168903867
ID212,C,2408.1348053515803,387.3046501751369,-2033.0661272407488
ID213,B,2399.5859233247934,390.34675251523805,4798.889220839096
ID214,A,2423.220243489587,415.4494122637174,5190.3214180553405
ID215,C,2496.531511261322,394.9783700184019,-2098.8494461784285
ID216,A,2523.421473253652,393.94527305137007,5596.1037313581055
ID217,A,2655.0500492814076,385.6731613097597,6035.206670147364
ID218,C,2400.164595926121,406.3539859839019,-1983.8980438849208
ID219,B,2598.4322398476584,430.93787378864715,5191.623308848458
ID220,C,2478.601115577449,383.98700628618593,-2113.893034500127
ID221,B,2495.053629034757,400.36329185009134,5011.102264919979
ID222,B,2567.4819492166603,421.18330833123144,5151.541347377606
ID223,A,2387.72779784377,398.8053791313143,5153.649345533471
ID224,B,2538.240974618405,406.78557694374604,5084.758442899752
ID225,A,2516.6452208213054,384.0640970777968,5623.579479828317
ID226,A,2549.245126400815,406.42460645811474,5618.774193495844
ID227,C,2528.916864390782,397.19283602493175,-2128.1933388176885
ID228,B,2745.5300139910896,414.78594993519795,5488.247134378384
ID229,C,2436.2260015748684,417.81079077347124,-2027.820398788434
ID230,B,2446.900304499818,438.8434546302792,4885.514116371841
ID231,C,2437.6859473575237,408.6944975982036,-2039.985752745095
ID232,B,2444.4522880839745,404.8869447487325,4878.922709669184
ID233,B,2436.261287269348,402.91576452366,4871.716435058104
ID234,B,2618.901653110755,394.70250560783967,5229.214186352181
ID235,A,2642.0504247989857,405.0772576519254,5908.949610925882
ID236,C,2442.9253706250524,395.56897884791454,-2029.509437913107
ID237,A,2416.764442689577,402.5269146440442,5230.698115952071
ID238,A,2547.1415556386405,419.7639630341194,5545.47770575175
ID239,B,2444.7776955719028,384.90186152080537,4895.5516124674405
ID240,A,2563.293181775551,417.0981784169357,5610.052680493007
ID241,C,2520.29230208513,419.75672601009796,-2099.6241128600386
ID242,C,2348.4255885002767,398.2289720951338,-1941.2844273848261
ID243,C,2654.7505201330064,368.17217651487107,-2280.7913561859677
ID244,B,2679.587767309552,390.8826701935835,5344.323585551177
ID245,A,2438.7211309515615,419.45491819841664,5229.318674635272
ID246,C,2461.2298440064014,399.6569790655168,-2050.925374893684
ID247,B,2528.5865390724907,385.01046651557635,5048.013644894839
ID248,C,2533.4456789987025,392.42837618157677,-2140.5620487917545
ID249,C,2565.854427267283,412.6093003975683,-2145.0451789559816
ID250,C,2701.0204538766347,408.2010035230207,-2295.3312161885665
ID251,A,2482.3052772505953,396.41601851245457,5477.711475762705
ID252,B,2420.1702755461547,394.4976338227797,4868.707021027742
ID253,C,2362.068077198547,394.12362776434264,-1977.3762818258242
ID254,A,2426.906996005808,386.16384723252247,5333.329216616968
ID255,A,2496.6873027126203,424.23063534204164,5372.554554574912
ID256,B,2679.455786351779,395.1651929618299,5367.570322765071
ID257,C,2448.238870096383,418.25737781238246,-2032.7518887701378
ID258,C,2522.3787951638897,422.8197407788368,-2082.1199264252004
ID259,B,2498.3577103927246,414.9746634722194,4980.65215118877
ID260,A,2618.839327344808,393.52569530922926,5897.204528964657
ID261,B,2752.693242587362,406.05595135504916,5498.116155325617
ID262,C,2446.913122707968,399.63706590413625,-2026.643521929344
ID263,A,2451.0560557481776,386.4444720890481,5444.855991037311
ID264,B,2604.416087706907,404.86538922582406,5199.632296360414
ID265,C,2568.189148962631,382.314403132603,-2192.469431460931
ID266,C,2684.6707325736033,417.81519082692347,-2256.5404871029223
ID267,C,2558.3928185325963,393.0307405405241,-2170.007645789546
ID268,C,2464.0707909212942,403.01739483809257,-2061.5983306983885
ID269,B,2559.065483069231,404.2493180731921,5118.435627184971
ID270,A,2610.8703580582905,396.11642539443886,5828.9928693283055
ID271,C,2582.0482181197362,408.8004070221291,-2173.413864050738
ID272,C,2550.72740311073,392.8764451506621,-2166.127691248838
ID273,C,2606.6674689589154,413.0694594618587,-2199.515483365854
ID274,C,2616.929559044567,379.8103047962988,-2219.7956702066426
ID275,B,2638.2158991037527,401.89569369319616,5261.353715476154
ID276,B,2564.8709887589644,429.0839349858743,5139.500439758905
ID277,C,2483.2881919683145,384.9950301309164,-2101.64071700138
ID278,B,2514.6713686433322,389.83382544212725,5025.985615264714
ID279,C,2620.650896650836,407.7086177448837,-2203.457816153332
ID280,C,2418.3064329012764,402.69372672909395,-2011.5320906373559
ID281,C,2536.8673308872903,405.2594514891034,-2124.7605234315524
ID282,B,2460.666118767264,407.337806952215,4932.950453460922
ID283,B,2502.874482293482,409.52082202842655,5001.773263988764
ID284,A,2627.84518626073,416.64549762934337,5792.961229821379
ID285,B,2519.1099068019903,406.14727985392767,5025.198007285287
ID286,A,2504.643654815615,396.38113518072186,5522.120362183488
ID287,B,2364.014385902008,410.088605518041,4763.417904907721
ID288,B,2574.625356602722,428.4982290234282,5164.186868174285
ID289,A,2564.5484181141073,398.0104938042614,5687.379892926519
ID290,B,2716.325472330546,385.3820604299404,5416.781449180169
ID291,A,2469.2221765046997,416.6062100393046,5330.417872058198
ID292,A,2521.915032766394,398.194282540696,5581.340863164237
ID293,C,2524.9383683710757,367.40995680978943,-2150.9418055374776
ID294,B,2657.7453279763477,412.71132515725634,5312.431186430051
ID295,A,2490.4704467613046,391.97007721069116,5510.055503110423
ID296,B,2527.902152577034,398.6420007654376,5059.738859443981
ID297,C,2560.789650971654,404.97970495853525,-2154.7792299375983
ID298,A,2518.660912315636,402.857495196686,5515.063656490507
ID299,B,2455.356638544947,410.6417772570856,4907.955681522992
ID300,A,2519.4089992898307,393.4677044414523,5580.671598451107
ID301,A,2607.3631749859774,407.6965869726412,5785.709127121627
ID302,B,2397.348470058894,396.10679983624124,4830.520048149028
ID303,B,2513.2969674146875,411.08215721331254,5031.003714815067
ID304,B,2429.9879185060827,409.2305122601958,4856.213480778097
ID305,C,2619.5046628924842,385.9684194693311,-2222.4746253994263
ID306,C,2347.6813095216226,416.28973174262546,-1925.5993231324865
ID307,B,2444.107815272841,391.9605483232893,4893.256764431104
ID308,A,2537.721187506452,412.12086697421717,5559.8414347668595
ID309,C,2656.552402923434,405.50930970102013,-2226.364570444459
ID310,A,2493.424973892701,427.57275515192686,5328.840484694558
ID311,B,2444.48004733068,396.6480102644222,4894.643679583098
ID312,A,2688.115706944059,394.76024805822703,6079.429306981263
ID313,A,2355.1986099583755,399.70870591168404,5073.718452072813
ID314,C,2280.119404337992,395.4523032574859,-1895.6913392183392
ID315,C,2544.001445005333,411.99912852913076,-2137.0107182394636
ID316,C,2449.794577564739,375.7553408734512,-2077.5803156621428
ID317,B,2397.8767182869287,384.1947637128047,4807.463237205994
ID318,A,2570.835644729935,383.9829561763121,5803.613606635554
ID319,A,2524.3800713771197,414.25461387960365,5486.918536215984
ID320,A,2443.5921369263274,425.6592005887289,5203.139617167336
ID321,B,2371.9695601329104,398.4332617219379,4735.4241620088305
ID322,C,2587.2457328280143,397.46767415214987,-2204.8801176039683
ID323,B,2565.020117795866,401.0507824466977,5127.43603098664
ID324,A,2490.0824136220617,417.42817453912284,5379.404574709101
ID325,C,2684.6636996047664,386.0897029871414,-2269.453398781479
ID326,C,2392.9915233673846,403.5755347410218,-1984.2204707220344
ID327,B,2347.447482907526,414.6279644467364,4678.363555806001
ID328,B,2430.809193011876,407.51641254909765,4854.8410979737
ID329,B,2495.4413983644504,402.8437242489812,5003.139396274054
ID330,A,2524.3339449322693,415.0156913885071,5522.984691128712
ID331,B,2475.876394214367,359.4515156050114,4932.720988681878
ID332,C,2535.2055396514297,410.1681297929636,-2147.596502480135
ID333,A,2374.8460575809554,390.18886475308864,5196.045431081885
ID334,A,2644.376460407326,372.54050654715314,6075.102218614662
ID335,A,2491.784882160743,407.6680389928747,5426.59493873534
ID336,A,2611.7295831588126,420.6048781774444,5738.579907622685
ID337,C,2534.2725346377706,397.9382722805846,-2167.963235225389
ID338,C,2545.6753219153784,414.29311820804406,-2131.3416976281683
ID339,B,2556.9767280232204,424.1841738698297,5117.887310120558
ID340,A,2544.7708560017313,419.72371680376074,5546.785225660845
ID341,B,2564.2722759867543,424.5994679405709,5116.377800545998
ID342,B,2632.9152530132433,411.1319123660784,5266.8587519633265
ID343,A,2519.652116970147,401.1315045835239,5542.1937324801065
ID344,B,2570.900375758851,375.97051282154246,5144.865356585794
ID345,B,2491.026430571277,396.3090626780508,4971.3087052741985
ID346,B,2644.0117215449472,387.35130107025714,5283.126233019972
ID347,B,2432.360769794073,432.5641407624672,4852.7717548506635
ID348,A,2680.0940432910816,397.36171281351494,6061.287200707555
ID349,B,2495.9842049355657,401.8480721017673,5002.269823271012
ID350,B,2356.922489788195,408.272280640607,4711.029532736901
ID351,B,2512.810441491079,400.6540366955868,5026.079738921679
ID352,C,2431.894834252512,425.4257656064613,-2023.852165621653
ID353,B,2584.0643548988724,390.66025957398324,5164.532590021663
ID354,A,2434.7376020697607,402.91911182855864,5289.014791661987
ID355,A,2455.381656678522,388.86294121452926,5453.27978105528
ID356,B,2311.045926905447,380.1996623316894,4608.748249501604
ID357,A,2454.769368075092,390.82346363642074,5427.760912908202
ID358,B,2257.6120673371042,399.4444480442738,4527.186439955798
ID359,C,2341.6097176514277,393.5604666322411,-1944.681614165305
ID360,B,2576.04146561443,389.61368530189213,5173.186377039201
ID361,B,2578.580015865083,378.9052380449225,5161.625297401449
ID362,B,2542.5457561784965,398.75341641056957,5089.761422705008
ID363,B,2403.3023856870786,377.429194389535,4805.967323537947
ID364,B,2495.228864385802,411.40083945534406,5005.140555360627
ID365,C,2499.639746090943,401.23659629401755,-2085.245518991195
ID366,B,2384.1635310807455,378.13672750802607,4760.818934711537
ID367,C,2650.339830176715,395.36186384425207,-2270.808932667648
ID368,C,2587.736229057567,388.7176539161413,-2201.4543427901735
ID369,A,2477.9035826170334,404.7876176562877,5400.172196796891
ID370,A,2502.688583899453,420.10675669034714,5406.769673351239
ID371,A,2520.838280794755,371.87241295531385,5718.002035223906
ID372,A,2295.826513157571,401.72539118721124,4873.3649636756145
ID373,A,2475.28226174794,397.59800806650037,5437.34286433558
ID374,C,2431.80157520022,410.070101146757,-2021.0352012357625
ID375,A,2399.8379990105086,403.1979494235653,5193.705420500163
ID376,A,2471.8899707114047,388.7204600239177,5445.1049400068105
ID377,C,2679.768652684952,395.21419096500074,-2291.834865257135
ID378,A,2564.084286126701,388.0596121479477,5754.490201947719
ID379,C,2442.8821010217202,416.140107078979,-2012.341046465619
ID380,A,2557.258278135616,400.31967473007916,5664.273631386377
ID381,A,2639.9355436586,428.5178602862951,5754.698697071822
ID382,C,2592.4633682912768,399.0900877927807,-2185.9367431469027
ID383,B,2505.9630369920174,389.37389849634303,5004.301725318127
ID384,C,2435.3063222294427,377.2942841108076,-2072.2880380277197
ID385,C,2569.822331361359,372.95290485616084,-2204.361571181757
ID386,C,2539.348538542175,376.2379608549177,-2165.3248819791274
ID387,A,2589.519322002773,404.00689976517225,5741.266531208
ID388,A,2563.517180168197,407.630875348449,5625.9303710771555
ID389,C,2604.9552715319337,376.282139469518,-2217.90833769977
ID390,C,2446.4764788439434,413.42557471114173,-2017.752403637457
ID391,C,2631.7394065634326,392.7540842247484,-2231.16705844261
ID392,B,2519.75996046924,402.20189517978326,5025.867692893382
ID393,B,2707.5260872625267,424.18330942383136,5412.634276117683
ID394,C,2431.0812181910433,413.452589737983,-2017.7068842358137
ID395,B,2673.596380316525,395.9720402814125,5354.378293307793
ID396,C,2519.791078346265,386.6321166187707,-2125.138875862877
ID397,C,2434.858199638555,367.72276898006044,-2075.945516243836
ID398,B,2451.611416594568,389.2127002113637,4904.206779866098
ID399,C,2467.965269180568,396.83304641758457,-2065.6448579076005
ID400,C,2542.4165946401918,385.1923070927322,-2139.7544196816984
ID401,A,2552.28354880355,398.03114549361544,5675.148997420469
ID402,C,2442.629999606142,401.1527782443815,-2032.0085411132543
ID403,B,2497.5645407739016,396.6271602728788,4996.135001082956
ID404,C,2714.2270358611863,390.2499612876481,-2307.051564831096
ID405,A,2672.754317010071,402.5298200795009,6010.531004184224
ID406,C,2543.6323669674034,406.6291097435411,-2147.336312145945
ID407,B,2503.8003478168202,383.6440138383573,5024.441135275143
ID408,A,2512.0031326718263,421.16398569619406,5438.564308804977
ID409,C,2561.3517972730415,398.5211780157361,-2168.1471475108474
ID410,A,2397.7207434801594,400.2827443441727,5185.994593110824
ID411,A,2474.2623462576653,410.62321634884836,5373.229863570444
ID412,C,2333.141592612241,403.4982419689525,-1924.0851331000774
ID413,C,2539.922312260528,414.29704950869865,-2123.2577555642547
ID414,B,2564.719593970274,404.30686247802737,5133.174892021863
ID415,B,2451.6813537700627,390.81343938039345,4923.7621960350425
ID416,B,2657.398676329003,405.42255287809155,5327.655870484825
ID417,A,2377.423433699766,382.84410689019006,5220.337393743528
ID418,A,2353.562511979018,401.62839558664785,5063.841284973024
ID419,C,2522.4451818559974,399.5015501403331,-2135.333918557995
ID420,C,2604.7098302612153,396.8782471409119,-2203.0564585209418
ID421,C,2668.392769145787,398.071937328416,-2248.609155620574
ID422,C,2454.111573713106,371.7722643175354,-2084.955860140279
ID423,A,2607.8680833431295,391.7691263838856,5854.58701096653
ID424,B,2496.1491530499293,401.39267351711675,4984.473239436742
ID425,A,2482.737270005918,402.397845879961,5423.14698416984
ID426,B,2588.3659937486673,384.58487288611065,5167.314844599802
ID427,B,2565.232287841342,418.9856176129705,5126.018478499604
ID428,C,2342.360784301575,387.0073772767825,-1972.2202112549364
ID429,B,2647.6540349725897,414.54185800790106,5295.495489952575
ID430,A,2638.0091354147453,406.4079154280753,5892.815155189299
ID431,A,2437.443729849047,390.30659035234294,5349.905163623664
ID432,C,2539.580353343741,426.62966338914265,-2094.7192828708976
ID433,B,2549.403018628274,382.0954475236528,5104.935542318879
ID434,A,2526.067376582391,413.78731260415003,5521.632533753911
ID435,A,2444.969484615458,415.00873477064465,5251.970765346925
ID436,C,2432.837663206195,389.94069686385035,-2032.6426636175452
ID437,A,2497.4445929008557,420.8869795009649,5374.795674392998
ID438,C,2617.2729019259364,396.24930228101573,-2210.3406296348826
ID439,C,2554.3600154594433,404.3304044391979,-2147.967538942723
ID440,A,2462.9385667913893,403.9048275815683,5375.930577106144
ID441,A,2577.1698710648343,397.98536887794177,5727.475633537296
ID442,C,2215.1457379369926,412.1621240973967,-1813.724451946915
ID443,B,2614.8765700372105,411.9023308082832,5236.919878693461
ID444,B,2326.02862212219,373.7720204014273,4640.67706819369
ID445,C,2463.7559058596867,419.5651036431723,-2038.6323267113248
ID446,C,2388.0330105373855,375.0626201794649,-2029.3760440354436
ID447,C,2370.5318524279096,415.48819306512485,-1944.8655688107847
ID448,C,2616.082678737852,416.9005770524137,-2213.9723814626605
ID449,B,2453.2298798688107,383.63550354677204,4913.087358989776
ID450,A,2534.6503881730714,393.83778568068124,5642.269807319561
ID451,C,2495.3079421120815,383.414429972711,-2120.2547739605257
ID452,B,2547.7040827223123,396.77618454566897,5102.392484249641
ID453,B,2507.6821891060254,395.3794857372139,5018.489685372054
ID454,C,2371.700777581143,411.69490798404007,-1966.4719718714157
ID455,A,2599.626681944714,419.6546311917941,5688.504233666258
ID456,B,2450.624341683869,420.93525716184934,4877.697175067667
ID457,A,2344.341810134025,391.5674796013255,5079.3838329630435
ID458,B,2457.1884839034087,396.86167189383207,4895.599334550473
ID459,A,2650.075979063431,374.7484271166858,6077.629932000161
ID460,A,2585.0221742113495,387.91194900255715,5812.345399028275
ID461,A,2465.1347865592143,414.47277449646185,5331.190200500591
ID462,B,2465.074229568157,424.2337423532235,4926.523913142436
ID463,C,2467.836494878262,381.48476692180117,-2090.305101392626
ID464,B,2707.674798356084,391.1130361127066,5424.1320451636275
ID465,C,2538.1935452231555,399.6039136456161,-2134.56893522853
ID466,B,2543.004164719107,404.2024173822941,5089.802200924407
ID467,A,2603.028345403184,387.8559472011753,5875.436511281378
ID468,C,2523.8789159026514,406.3609156669613,-2135.944865714175
ID469,A,2474.0957854179296,392.8924097939363,5466.906771443951
ID470,C,2480.3650150915023,399.7832159368258,-2073.232173626513
ID471,A,2492.8398740585935,408.1942637200555,5425.348106032586
ID472,C,2496.2777763490158,400.0963340471641,-2099.1104079859424
ID473,A,2572.762954363698,393.4542116421015,5750.546117429056
ID474,C,2505.19458858073,398.3558529411125,-2108.452697052438
ID475,B,2573.264007721558,398.67455561191997,5150.534335041938
ID476,C,2491.9283419891417,394.4498345517681,-2080.3021060553992
ID477,A,2507.863519031609,396.11805905999347,5555.981462526934
ID478,B,2300.1799315467892,423.97970755757075,4584.613232772402
ID479,C,2591.632767470248,408.4137917191186,-2175.7541358674566
ID480,B,2534.648847589799,395.5677952295626,5085.244895014023
ID481,B,2599.801010985965,410.454316067661,5204.2437242202
ID482,C,2210.374462180631,394.99270765365986,-1802.2899894247394
ID483,B,2708.8374704780726,417.5968695637996,5441.822186304555
ID484,B,2486.041037184483,405.5446328829714,4984.366588922249
ID485,B,2610.8182816737517,398.39046783993655,5224.628266495204
ID486,C,2396.0094072874467,406.71575388715416,-1976.7525917112755
ID487,A,2561.277390506257,376.43685771897253,5803.386536921071
ID488,A,2394.6584436826342,383.09848796635293,5268.769727735557
ID489,C,2437.6231039304193,382.0911249040142,-2059.74894985497
ID490,C,2691.4031353866785,402.1441464214556,-2270.498028659237
ID491,B,2480.931759923665,425.98772499227636,4952.042375856026
ID492,B,2521.7432873179723,433.4695021928895,5061.874987332082
ID493,A,2587.006773068875,409.57076652161135,5719.164856083453
ID494,A,2549.5681887972605,407.51266712416685,5594.349556673324
ID495,B,2515.0418905143574,372.9841339877089,5034.495572544612
ID496,B,2536.4961002466225,391.85989300398967,5047.791882401426
ID497,B,2740.3415585238276,388.1832437213764,5488.189213249628
ID498,A,2494.2381202966417,390.68728602623327,5539.900708554626
ID499,C,2520.1099046714967,397.47784272122817,-2129.740333418093
ID500,C,2605.0654396007612,392.9186413345431,-2210.664225914751
ID501,C,2610.5525932957985,370.31050284436316,-2216.792201246432
ID502,B,2618.703030556038,411.218653841763,5231.337100660932
ID503,A,2563.8730222029185,383.9088546139029,5759.367902494561
ID504,C,2385.6995087269515,403.58870296166725,-1964.3308449357332
ID505,C,2663.3431532301097,431.1112400462496,-2208.680866897491
ID506,A,2385.3654606981313,386.20923112620363,5225.09457452555
ID507,C,2530.263546523903,362.04568715880504,-2156.080302940198
ID508,C,2424.5724149980642,395.70993667179835,-2012.7647673398951
ID509,C,2493.5861653407005,416.51439452497857,-2085.9815816061823
ID510,C,2532.876241030348,429.3752118133089,-2109.3246992414533
ID511,B,2532.135721545027,381.55675608321377,5079.041937247911
ID512,B,2542.1920754235284,407.4504883485478,5104.604322191559
ID513,C,2661.371126905865,393.0203431482992,-2261.5962134354736
ID514,C,2545.353430151398,398.41077468543796,-2157.5004277079847
ID515,A,2475.5843364709353,439.66515020525554,5252.2719917269205
ID516,A,2596.4087168288356,377.4554450740727,5895.5772743424
ID517,B,2618.947048892464,403.8060949224186,5233.87244441087
ID518,C,2377.2392184863006,407.0153975764815,-1966.1157668959436
ID519,C,2559.740006984986,416.2867948740902,-2124.8032870623188
ID520,A,2570.11727423109,401.4697473020634,5713.250797901579
ID521,B,2470.2436496640007,404.6207580925615,4945.465685332344
ID522,B,2637.570681331162,394.12527148867315,5280.700825023741
ID523,C,2484.9944412967475,404.0369041186766,-2080.4353611543497
ID524,C,2512.5576453471544,394.8521158675388,-2111.0078553053936
ID525,C,2482.692817571613,409.32357834784074,-2103.7239601561037
ID526,B,2501.557904758147,394.4558449593455,4999.556520007456
ID527,B,2390.3724913104797,405.6565059085328,4783.640845839961
ID528,A,2355.9949117405704,399.56105779472534,5056.367277244651
ID529,A,2659.4505063224974,416.8907537615825,5898.533629973319
ID530,C,2415.3038651681672,399.2290941461727,-2018.528425673828
ID531,C,2400.8607650543695,373.4045129768968,-2006.3905436976868
ID532,C,2284.6609886396286,418.9288225107099,-1846.8559294263405
ID533,C,2436.10382523105,386.41401548706074,-2055.2794765734075
ID534,B,2367.69102065925,390.1935049202677,4733.5719887797
ID535,C,2664.201516013637,391.06508058934764,-2274.0238062115905
ID536,C,2600.981708934263,420.61657139756227,-2185.785051250616
ID537,C,2431.1849654822277,367.96488679031955,-2060.8797788835705
ID538,A,2725.2435805344307,447.0662280048999,5931.300216752142
ID539,B,2598.1765486991594,415.84085213599076,5182.7857133790685
ID540,A,2467.516861649138,403.3485837119374,5393.280201074531
ID541,C,2250.0594285126426,399.1765899907557,-1843.3284835112252
ID542,B,2729.0942572590743,404.28331112286486,5448.5367254022285
ID543,A,2361.04275332364,407.8168364256901,5054.788343011622
ID544,C,2335.4601253043106,409.67823378925084,-1933.3608242650437
ID545,B,2602.257043200964,408.3340669900517,5207.552069258383
ID546,B,2743.975240633927,401.34371021882873,5497.794609419204
ID547,A,2638.4272818510517,397.0399236953901,5929.67887629976
ID548,C,2556.390912005236,397.73090074519735,-2153.203120314345
ID549,B,2559.4754341665284,397.0763757947098,5112.753712606406
ID550,C,2585.3415558780307,417.00655145300595,-2170.692603426162
ID551,B,2575.8928589786765,408.9033508342129,5149.315404786789
ID552,C,2528.1191423969376,355.89417048003577,-2181.183912075385
ID553,B,2510.4201103951877,409.8385116479464,5018.718930832986
ID554,B,2493.740687210048,402.92104292078164,4968.89795483373
ID555,C,2424.6035411133325,399.71936865331156,-2030.7780174257264
ID556,B,2471.9324923133227,394.1722232036667,4940.446478706209
ID557,A,2330.7043185804614,416.8616907997902,4904.73034471249
ID558,A,2490.166037320525,414.21289693184286,5396.53565795191
ID559,C,2401.140889284908,388.4068349826459,-2013.4752247005838
ID560,B,2389.641068278423,406.10578430686803,4785.0354347738785
ID561,C,2517.989415115348,385.42514898188074,-2122.070061243877
ID562,A,2639.20022863446,379.3057275281661,6013.274865540371
ID563,A,2591.8316606002313,390.5992416311505,5808.060363380271
ID564,A,2342.9499396376823,412.93590208574136,4951.665775537423
ID565,B,2401.0371863429664,414.2968756806413,4796.227937631594
ID566,B,2594.0771187988216,407.6962813014594,5183.931181783845
ID567,B,2401.751260646169,410.87643680272,4794.2625684979685
ID568,B,2477.5366850002974,407.7426743067244,4939.519970029596
ID569,C,2555.005209902455,390.3777760716557,-2170.1008837604895
ID570,B,2403.1655545136364,406.4788381701091,4808.5082284686405
ID571,B,2510.537550614596,412.00614287841523,5028.215454819219
ID572,C,2366.5974505081795,411.3143699472036,-1961.9721571982757
ID573,B,2439.863235604879,417.83370057211965,4874.770497344037
ID574,B,2531.978193414254,410.62455770801597,5052.83600712234
ID575,C,2340.700626646833,405.27172311312376,-1935.8061735782064
ID576,C,2544.04747379604,416.05225357474643,-2138.1763638315833
ID577,A,2498.0362201073317,399.6021811112641,5502.975288524569
ID578,C,2555.2489954417147,386.77188023158425,-2189.9075131133395
ID579,B,2522.391413406466,397.5539955408435,5040.467270743503
ID580,A,2636.4140429973845,388.82646032790325,5968.723115422938
ID581,B,2512.5224502647907,389.87232587538426,5027.250914725451
ID582,C,2457.059445887475,397.83221993926725,-2026.9108219804414
ID583,B,2512.2297503032282,388.1137011850006,5028.657100901271
ID584,A,2554.3298029036387,395.3805770554144,5674.037868271739
ID585,B,2504.8860070325704,371.5957799956932,5008.626443100072
ID586,A,2504.059169120388,403.19940561059406,5474.8655233065965
ID587,A,2429.8008312193247,400.01808213043336,5288.344886014246
ID588,A,2433.7099082449054,387.74367053397714,5352.414699380821
ID589,A,2359.7394728200306,409.8886850264861,5040.759676634383
ID590,A,2674.957674318694,414.0635520643984,5947.960779338944
ID591,A,2375.6136764608714,375.8866020344654,5246.006828220745
ID592,B,2430.709480220409,388.55912832150676,4853.792266343966
ID593,A,2428.15927344308,388.4628647531905,5363.029712785528
ID594,B,2589.492437694444,385.90145348336705,5175.129962195473
ID595,C,2470.505032170797,412.4421226289762,-2036.0722250200704
ID596,B,2624.774207267373,397.09260791840796,5259.318235680165
ID597,C,2432.650937575613,396.0322773803408,-2030.8338594672475
ID598,A,2527.8994162223803,369.9420645338987,5738.4127237654575
ID599,A,2416.4652946740243,409.5312704531384,5206.465099334975
ID600,A,2714.514912777339,381.41112407719794,6213.35704699388
ID601,A,2381.2401580970486,400.89898945399494,5135.8789262913615
ID602,A,2530.9820710227027,404.16065406937287,5582.284838375455
ID603,A,2563.37768809321,420.4098789375798,5587.4969033900425
ID604,A,2541.3799097451497,380.36769401321334,5705.438981007739
ID605,A,2481.471234112229,354.7073176626876,5670.248260616319
ID606,B,2487.0179300266573,402.75774317130544,4994.485126248381
ID607,A,2504.381147197911,427.0076677226628,5393.067803566835
ID608,B,2485.299799837151,418.58419529409156,4969.85555156191
ID609,B,2596.387911679491,403.14489122911937,5204.193214683679
ID610,C,2721.052300159135,392.6254572155193,-2332.8249271880322
ID611,A,2444.2508214992167,412.10683894955963,5251.771810707932
ID612,C,2363.0197020420924,385.39680700443296,-1988.716486895214
ID613,B,2491.1717951648743,407.1453665403433,5001.098255551847
ID614,A,2757.9709337654317,407.5820523874994,6232.714622376847
ID615,C,2419.632543203027,415.9031486124832,-2006.6500023430442
ID616,C,2663.911680544407,441.3949005836662,-2226.1148383160394
ID617,A,2667.7700814076443,405.8862395076815,5996.728685759402
ID618,A,2444.6411758292006,392.36554561438754,5391.607306400009
ID619,C,2556.8983079185277,399.6163853171201,-2130.6565598000298
ID620,C,2662.8396623128538,373.46386142666324,-2291.284343410991
ID621,A,2462.0872259012513,389.57930303366413,5441.912656400398
ID622,A,2479.641963989764,393.8607634283034,5451.422364234725
ID623,B,2441.8319086051356,392.1386740309811,4901.387030323691
ID624,B,2398.5243269307134,402.2853230805058,4783.035299246211
ID625,B,2435.0722454933994,387.663701014267,4872.745797751951
ID626,B,2377.6059733237744,416.8154600098671,4742.044316315954
ID627,B,2503.4083468259228,400.00310597377296,4999.750291730981
ID628,C,2423.0026768941357,399.8604951829206,-2033.1893308838114
ID629,A,2523.3785911790746,395.08157925230626,5587.433374147583
ID630,A,2344.4104353796374,402.3278602578847,5015.1225324117
ID631,C,2533.088023221446,412.3764739700145,-2127.2907747905324
ID632,C,2583.3528961608927,386.9930467643365,-2186.3598424551924
ID633,B,2300.6264357428545,390.12825266387114,4587.9945179689585
ID634,B,2537.405656984757,395.44410956835003,5077.457811093681
ID635,A,2622.766899247329,379.8119361479018,5983.8565268301445
ID636,B,2379.0358981308796,387.7111321041775,4751.9134398875985
ID637,B,2667.2572386837705,392.8566868968301,5325.89945067857
ID638,A,2541.9019009366043,413.1158377106909,5557.360218754196
ID639,A,2429.4988144241593,403.9384199350289,5282.961046097662
ID640,B,2494.4230922342294,402.9038486705132,4991.175476039899
ID641,A,2555.832691252172,412.76346943251957,5597.306155058627
ID642,A,2507.6005391412414,397.93942317400905,5538.911021367935
ID643,A,2553.8755992446368,405.85697274893334,5619.114428191207
ID644,A,2407.932640692063,398.45167370601257,5239.715867671442
ID645,A,2516.936082403608,403.98043524099444,5535.809358698272
ID646,C,2358.628550309502,391.2586201358263,-1971.0636318273423
ID647,B,2488.8773938651298,363.4177426258536,4967.691758148892
ID648,C,2409.609235853521,397.9858125672054,-2022.2635943537173
ID649,C,2426.4470057410235,421.3412220414991,-1998.6879756633734
ID650,B,2623.6093175210435,413.89323103362386,5261.966401071956
ID651,A,2609.131012059427,414.4809622688676,5747.340531869598
ID652,B,2560.913812090718,418.54196082709325,5127.328264624053
ID653,B,2390.768723532742,401.32986386442155,4756.493122842259
ID654,C,2468.35915503052,402.95973561108394,-2072.4148321873226
ID655,B,2621.3097699979185,390.73522156848475,5242.2468328013865
ID656,A,2514.1716913639902,395.25890715959423,5555.3043372902175
ID657,A,2731.9329539981695,409.2365672465671,6138.377949264197
ID658,B,2539.331783939437,418.05826655753225,5070.650213201247
ID659,B,2519.204911649003,397.908305864785,5041.916136037922
ID660,B,2469.0883535797498,393.2471610272288,4935.928758938623
ID661,B,2513.354090478228,400.00791938284897,4999.849406156556
ID662,C,2484.753016361946,409.0181012339367,-2101.18331695963
ID663,B,2570.810867668859,378.34217775799686,5134.3393532034315
ID664,A,2595.6702316794585,365.55728570294144,5964.716505556312
ID665,A,2421.401053949205,391.74194725762624,5272.523367446782
ID666,A,2366.876704644222,381.6893136112876,5186.186783762409
ID667,A,2316.37946268967,392.37789703529035,4980.9339286143495
ID668,A,2550.7991326912543,397.78329521773793,5680.140975323575
ID669,A,2389.663339382613,393.2012738646548,5198.36338708401
ID670,A,2284.710940704752,421.78701301706116,4749.793624845841
ID671,A,2538.8578604530962,404.9011714690348,5593.762809695165
ID672,C,2749.299951743279,404.50711539416244,-2370.359634106803
ID673,A,2499.392908846011,409.333107160651,5460.731677334358
ID674,B,2583.8490774451643,382.91750323328847,5170.282912955804
ID675,B,2508.1829358547566,415.586676811304,5022.465095385608
ID676,C,2490.111034680886,398.8635357019681,-2044.132646501682
ID677,A,2591.907648298777,410.0572092586182,5700.427543329258
ID678,B,2470.972545581135,383.92214150439764,4962.641450959403
ID679,C,2526.7392314071903,376.69361850975906,-2153.494983130235
ID680,C,2532.169780619601,412.2683448703754,-2116.4534888963894
ID681,C,2433.190954635695,405.6461428914628,-2028.0909586878474
ID682,A,2599.2042349536523,386.46922668463736,5860.175735436994
ID683,A,2482.5040243304593,386.9550537808796,5505.8988089481145
ID684,C,2424.4254840507156,416.88152176622157,-2003.5898574576179
ID685,C,2553.65098435704,382.1588216069901,-2189.6982471101105
ID686,B,2410.1532018208964,424.6400942988395,4829.313353652054
ID687,B,2502.8181157369127,386.49068898028196,5000.641898615202
ID688,A,2499.08810033558,409.57587888412576,5435.824074517626
ID689,C,2608.589556583158,395.07072286376524,-2218.9189880153426
ID690,A,2547.4698232879955,409.04781146623515,5612.256203135162
ID691,A,2497.4973041254857,391.8382899682871,5526.876441490827
ID692,B,2581.776629920029,397.5581064089156,5167.854703258573
ID693,B,2639.0207549017314,400.6137876309358,5269.270034494877
ID694,A,2555.781030635186,384.9671881632779,5751.602213288253
ID695,A,2501.035261984338,411.11236518130187,5455.770052911987
ID696,B,2368.816376764984,392.3017965029262,4759.816059529525
ID697,A,2393.488633692463,396.57100126989974,5195.5041273819
ID698,B,2469.477529564533,385.0847593808723,4946.978916786161
ID699,A,2439.0487797840715,361.5649951180703,5510.49817423633
ID700,B,2481.3028697014556,397.13458356099744,4978.156200785267
ID701,B,2505.6649924897106,436.1892313241937,5002.703996328117
ID702,A,2552.969275435673,411.7690643184704,5609.002568469195
ID703,B,2492.950122194091,399.71109430398405,4983.563876834782
ID704,A,2548.65016438262,396.05663756187596,5664.897047213179
ID705,A,2506.447441481012,400.3369883921807,5518.758412295513
ID706,C,2302.453343364613,408.2067867276281,-1891.2196718798646
ID707,A,2406.0664606181244,382.28780777036735,5305.365594485073
ID708,C,2485.5912444278383,416.7148254200331,-2066.299860809759
ID709,A,2379.0305257158893,410.73071973161865,5102.375395180322
ID710,C,2559.9928729996204,410.77278588561904,-2137.3946908866187
ID711,C,2653.0750832343697,406.5771360821459,-2236.068092042261
ID712,B,2621.876185169732,400.2942498654098,5238.285896027177
ID713,B,2478.6557129069793,410.0929185395023,4946.640535875219
ID714,B,2649.0726136849953,408.87721200612066,5309.608834068844
ID715,B,2514.8667457202114,394.68938933588464,5040.246052950781
ID716,C,2466.291402888196,391.3959734065465,-2057.2233813726375
ID717,C,2438.659733645906,401.5278444289298,-2044.379656728607
ID718,C,2469.753031351187,423.2353022724278,-2049.2723129430833
ID719,A,2461.182318145877,381.4133938651915,5456.8061751613695
ID720,C,2517.041622237549,377.9871210137134,-2143.764154496566
ID721,C,2516.0573981049865,402.47141261854773,-2101.6271393594857
ID722,A,2500.3046020153415,400.7633155278403,5491.499283856085
ID723,A,2543.693816974635,402.6001249655561,5625.766583638534
ID724,C,2619.064627478634,403.6592979686275,-2217.6913667819804
ID725,B,2594.955413544132,396.6519661804779,5193.799511426923
ID726,C,2351.5102031550095,422.34795157903125,-1942.9345482537663
ID727,A,2244.6078865098043,375.9864403228523,4854.913971310758
ID728,C,2593.431991123927,387.5725446282963,-2241.7530781464397
ID729,A,2363.312130158458,398.4511785977643,5095.437743588608
ID730,A,2477.5234598107318,375.3521678326875,5536.243861344176
ID731,A,2382.9886973940643,397.3621839335189,5176.62710671316
ID732,C,2319.801956241998,424.9220524859203,-1885.5510155229038
ID733,B,2554.1462728204788,400.3132973244394,5113.89259742455
ID734,B,2575.915516030265,403.46051358578023,5170.083106786442
ID735,B,2442.348959927328,381.0975285224113,4873.310921604758
ID736,C,2240.895770785509,390.75457887940786,-1829.1728335311143
ID737,B,2445.3755551747518,394.37205429514097,4901.937409120628
ID738,C,2539.1804005402546,395.2342735486565,-2146.7847904382256
ID739,B,2352.108843122587,419.22465692505654,4717.8451280113695
ID740,B,2518.3359919779155,408.36536591087685,5023.396461806891
ID741,B,2498.4690150827005,383.3281306459445,4987.043860227069
ID742,A,2557.929149960109,403.6975716764801,5647.99651481905
ID743,C,2511.9580368414154,407.47332622745176,-2110.8324431107317
ID744,B,2402.6931059118447,417.102235577819,4792.707520110566
ID745,A,2619.6571501664494,423.7081102985256,5755.107895811864
ID746,C,2484.147042697303,384.77358712258194,-2102.479708379159
ID747,B,2497.2695460490067,387.83713733184493,4998.769151718296
ID748,B,2406.6732040926804,381.13633211628076,4806.502191788397
ID749,C,2455.671774880849,396.48970211339525,-2081.029312374036
ID750,B,2411.51972859731,406.995375616695,4826.280145495317
ID751,A,2482.7053940076576,414.8100177488365,5351.119033573753
ID752,C,2671.1708480142343,398.8607346453622,-2273.1337219218976
ID753,B,2362.8098857068644,395.20228715117736,4709.199990947735
ID754,B,2338.6438602123258,402.2763698837311,4701.135032415421
ID755,A,2647.117032749361,387.47285647554963,6014.923168536431
ID756,C,2479.0676322848135,431.3430808254216,-2046.455505964134
ID757,B,2433.0927261340084,375.8850845932291,4881.349932399873
ID758,B,2603.9904687396074,402.77110868343584,5197.825145749626
ID759,C,2439.4384460263136,430.3540932884446,-2002.5626001938278
ID760,C,2682.6009713546937,400.1019976684,-2280.101248481669
ID761,A,2567.792587133927,397.14941447497756,5720.798930002898
ID762,A,2451.20885918543,394.63831865784357,5395.703226268353
ID763,A,2715.7308213265505,397.2941247735639,6169.511745345189
ID764,C,2439.428507699666,420.59272712014797,-2015.3710966256178
ID765,A,2574.2095372009308,366.8220713300574,5868.659605717766
ID766,B,2529.929258040649,423.0015055194449,5048.337960537945
ID767,C,2630.1741289398797,378.6406427132478,-2253.0059934297806
ID768,C,2656.151119672685,396.0002150614838,-2259.0304361198814
ID769,B,2503.2004149065765,393.5613336955201,4992.838385117066
ID770,C,2424.6582129653816,408.8282990465608,-1986.8897938118796
ID771,A,2545.997214293912,376.0281347217438,5776.047697936059
ID772,C,2432.2284630247896,406.9325899912291,-2018.0704531888505
ID773,A,2701.3387247526625,430.3646443493028,5953.057394846879
ID774,B,2513.6535331082737,379.5523899311078,5024.760558577734
ID775,C,2463.467844868789,402.84559251415595,-2072.0452738749
ID776,A,2518.468030586491,390.0702673330509,5605.982521316444
ID777,A,2365.2873710470303,406.38830809289556,5067.013603158326
ID778,C,2402.838596148935,400.2872166612363,-2017.452506393478
ID779,C,2620.0413907944426,390.37769636433535,-2225.6535774231684
ID780,B,2434.3105721028605,407.3180842730661,4866.758035619824
ID781,C,2395.308901731806,427.06522164680115,-1991.1373707795337
ID782,B,2553.6652752527284,397.13644312409053,5097.005930376103
ID783,A,2618.5704154663,410.7963691322227,5796.766134336726
ID784,B,2571.8953310665065,380.60090563193256,5166.442914021095
ID785,A,2599.6047685805815,385.65345434772985,5877.2256714975
ID786,C,2424.320491143054,407.08609416820565,-2033.260175804047
ID787,B,2357.8189333258156,422.2617404280395,4721.470302124643
ID788,B,2650.133365195549,405.3342002317849,5281.699082523837
ID789,B,2467.7320161157863,395.3041295421527,4948.456324878218
ID790,C,2474.916698354495,399.9893710813503,-2080.580823094959
ID791,A,2632.819414184906,381.24388399045426,5991.115188337577
ID792,B,2555.623000940066,409.0677298953305,5127.155561650638
ID793,B,2545.5887772081605,413.23499593485116,5075.73159159331
ID794,B,2716.5002344901086,393.21864500750377,5416.235050758862
ID795,A,2435.648176961986,392.9493677836075,5335.194500051768
ID796,C,2592.784012808124,403.9881734447807,-2176.3352931511113
ID797,C,2505.7013124897085,393.44920395939107,-2130.4842614360396
ID798,B,2526.8592278863257,399.00801078061266,5019.732588595324
ID799,C,2652.8468426412533,431.49582683749776,-2226.7649221046636
ID800,C,2550.7835756289624,396.29461448881005,-2147.868071541221
